<?xml version="1.0" encoding="UTF-8"?>
<project-private xmlns="http://www.netbeans.org/ns/project-private/1">
    <editor-bookmarks xmlns="http://www.netbeans.org/ns/editor-bookmarks/2" lastBookmarkId="0"/>
    <open-files xmlns="http://www.netbeans.org/ns/projectui-open-files/2">
        <group>
            <file>file:/C:/Users/LV/Desktop/Sumaiya%20Akter%20Eva%20(ID-192071003)/Java%20project/A/src/sampleproject/Login.java</file>
            <file>file:/C:/Users/LV/Desktop/Sumaiya%20Akter%20Eva%20(ID-192071003)/Java%20project/A/src/sampleproject/SampleProject.java</file>
            <file>file:/C:/Users/LV/Desktop/Sumaiya%20Akter%20Eva%20(ID-192071003)/Java%20project/A/src/sampleproject/samplForm.java</file>
        </group>
    </open-files>
</project-private>
